SP,Moody,Fitch,Combined,risk_level,rating_rank,valid_from,valid_to
AAA,Aaa,AAA,AAA,1,1,1900-01-01,2100-12-31
AA+,Aa3,AA+,AA+,1,2,1900-01-01,2100-12-31
AA,Aa2,AA,AA,1,3,1900-01-01,2100-12-31
AA-,Aa1,AA-,AA-,1,4,1900-01-01,2100-12-31
A+,A3,A+,A+,2,5,1900-01-01,2100-12-31
A-,A2,A-,A-,2,6,1900-01-01,2100-12-31
A,A1,A,A,2,7,1900-01-01,2100-12-31
BBB+,Baa3,BBB+,BBB+,3,8,1900-01-01,2100-12-31
BBB,Baa2,BBB,BBB,3,9,1900-01-01,2100-12-31
BBB-,Baa1,BBB-,BBB-,3,10,1900-01-01,2100-12-31
BB+,Ba3,BB+,BB+,4,11,1900-01-01,2100-12-31
BB,Ba2,BB,BB,4,12,1900-01-01,2100-12-31
BB-,Ba1,BB-,BB-,4,13,1900-01-01,2100-12-31
B+,B3,B+,B+,5,14,1900-01-01,2100-12-31
B,B2,B,B,5,15,1900-01-01,2100-12-31
B-,B1,B-,B-,5,16,1900-01-01,2100-12-31
CCC+,Caa3,CCC+,CCC+,5,17,1900-01-01,2100-12-31
CC+,Caa2,CC+,CC+,5,18,1900-01-01,2100-12-31
CC,Caa1,CC,CC,5,19,1900-01-01,2100-12-31
CC-,Ca,CC-,CC-,5,20,1900-01-01,2100-12-31
C,C,C,C,5,21,1900-01-01,2100-12-31
D,D,D,D,5,22,1900-01-01,2100-12-31
